Nom,Lat,Long
SEDAN,49.69486091,4.92998882
VIREUX MOLHAIN,50.08287057,4.72313451
ROMILLY SUR SEINE,48.51417327,3.72833188
BACCARAT,48.45227798,6.74406453
PAGNY SUR MOSELLE,48.98559945,6.02536956
ST EPVRE,48.696065,6.179207
TOUL,48.6761697,5.8643216
VANDOEUVRE,48.6623721298,6.17315922496
BAR LE DUC,48.773086,5.16609
ARS SUR MOSELLE,49.07446796,6.07845514
BENING,49.13819959,6.82858043
HAYANGE,49.33051398,6.07365187
SARREGUEMINES,49.10667999,7.06833095
THIONVILLE,49.35405465,6.16928572
FRANCS BOURGEOIS,48.58238738,7.74601104
OBERMODERN,48.84218087,7.53998139
OBERNAI,48.46186913,7.48897062
WISSEMBOURG,49.03153308,7.95030589
COLMAR,48.07315381,7.34708413
ARCHES,48.1203454,6.52681534
VITTEL,48.2026058,5.94187646
MAIRIE DU XVIII,48.89301002,2.34091133
BIBLIOTHEQUE FRANCOIS MITTERAND,48.82946236,2.37575248
LUXEMBOUG,48.84790175,2.3412399
NEUILLY PORTE MAILLOT,48.8774347573,2.28374333155
HAUSSMANN,48.8747300023,2.32885011427
FONTAINEBLEAU AVON,48.416281,2.726141
VERSAILLES CHANTIERS,48.7963535816,2.13734591065
LE PARC DE ST MAUR,48.8051918464,2.48758221648
GARGES SARCELLES,48.976732,2.390572
TERGNIER,49.65694034,3.29546619
VILLERS COTTERETS,49.25001266,3.0936906
NOGENT L'ARTAUD CHARLY,48.96876181,3.32291966
GAILLON AUBEVOYE,49.17466899,1.35262651
SERQUIGNY,49.1076727,0.71957679
VAL DE REUIL,49.271015,1.218816
BAILLEAU LE PIN,48.36675531,1.32472178
COURVILLE SUR EURE,48.45156445,1.2348212
ILLIERS COMBRAY,48.30426109,1.24491344
LA LOUPE,48.4741357,1.01115044
LA VILLETTE ST PREST,48.48236907,1.52345359
ARMENTIERES,50.68042307,2.87778381
BAISIEUX,50.61860233,3.23521662
CROIX WASQUEHAL,50.6785747,3.13771393
PERENCHIES,50.66700562,2.97715356
PHALEMPIN,50.5150448,3.01988812
SANTES,50.59188214,2.96260759
SOMAIN,50.3555546,3.27804085
GRANDVILLIERS,49.65930416,1.93882535
LIANCOURT RANTIGNY,49.32450627,2.44564084
MOUY BURY,49.3203,2.3264
PRECY SUR OISE,49.20322577,2.37634689
FLERS,48.74437263,-0.57368061
ACHIET,50.13232983,2.78045335
DOURGES,50.43152724,2.985783
ISBERGUES,50.6149484,2.46295664
AUFFAY,49.71598679,1.09819738
BREAUTE BEUZEVILLE,49.60359483,0.41716198
MALAUNAY LE HOULME,49.51324126,1.04011184
ROUEN RIVE DROITE,49.448387,1.093719
ROSIERES,49.8226906,2.71164885
TGV HAUTE PICARDIE,49.6636127,2.5280732
NAUCELLE,44.1856517,2.36344312
VILLEFRANCHE DE ROUERGUE,44.34726612,2.03618453
CHABANAIS,45.87255355,0.71681852
CHATELAILLON,46.07856425,-1.09120872
ROCHEFORT,45.94741568,-0.96378831
SAUJON,45.66704684,-0.93058421
EGLETONS,45.40231499,2.0651445
LAMBALLE,48.46592233,-2.51148941
LOUDEAC,48.18039909,-2.76306436
PLANCOÌÜT,48.5216713,-2.2289527
CONDAT LE LARDIN,45.12671615,1.22665077
LA COQUILLE,45.54076493,0.97421908
TOURY,48.194114,1.939738
CONCARNEAU,47.878371,-3.919898
QUIMPER,47.994245,-4.092316
ROSCOFF,48.72055351,-3.98245677
ROSPORDEN,47.96018968,-3.83275774
BOUSSENS,43.17964303,0.97218467
JEAN JAURES,43.605686,1.448875
MURET,43.46478429,1.32416229
ST AGNE,43.5794380181,1.44970380935
AUCH,43.64763597,0.59653811
LE TEICH,44.63220443,-1.02551437
LESPARRE,45.30297584,-0.94443913
LIBOURNE,44.9141970008,-0.237711047004
MARCHEPRIME,44.69048228,-0.85371986
MARGAUX,45.03551879,-0.68477194
MERIADECK,44.8379967,-0.5852229
STE CATHERINE,44.8388613,-0.5740306
COMBOURG,48.41597357,-1.72754212
DOL DE BRETAGNE,48.54297584,-1.75046978
MESSAC GUIPRY,47.82221391,-1.81866815
MONTAUBAN DE BRETAGNE,48.18989249,-2.05310334
CHATEAUROUX,46.80891813,1.69857645
AMBOISE,47.42147602,0.9811911
CHATEAU RENAULT,47.58828716,0.90159471
LANGEAIS,47.32394381,0.41032554
CARIGNAN GARE,49.62852048,5.16846771
REVIN,49.93856365,4.64275361
TROYES,48.297075,4.064928
MOURMELON LE PETIT,49.13122492,4.31771739
JOINVILLE,48.44475013,5.14428738
CONFLANS JARNY,49.16675984,5.86726847
LONGWY,49.51258907,5.76913851
PONT ST VINCENT,48.60212288,6.1034406
VARANGEVILLE ST NICOLAS,48.63533854,6.31285149
MONTMEDY,49.52320507,5.37126251
VERDUN,49.16553726,5.37874259
HAGONDANGE,49.25676935,6.16445766
TETE D'OR,49.11721945,6.17747473
AGORA ESPLANADE,48.577907,7.767575
STRASBOURG,48.58402938,7.73439378
ALTKIRCH,47.62710613,7.23959094
MULHOUSE VILLE,47.74192005,7.34123559
CHARMES VOSGES,48.37854765,6.30193002
GERARDMER,48.072246,6.872182
STAZIONE GARIBALDI,45.4841153,9.1888315
THALYS STORE & MORE,50.94197,6.95695
PARIS NORD,48.88011843,2.35429019
ALMA ST DOMINIQUE,48.85964513,2.30723441
AVENUE HENRI MARTIN,48.8640134355,2.27198025169
PARIS AUSTERLITZ,48.842684,2.366846
PARIS MONTPARNASSE,48.84154236,2.31896281
PASSY,48.85820031,2.28246108
RENNES ST SULPICE,48.8503781,2.33003229
MADELEINE,48.87112337,2.3242532
PONT CARDINET,48.88707179,2.31367296
MASSY TGV,48.72931123,2.26785868
YERRES,48.706885,2.483302
ANTONY,48.753146,2.305067
CLAMART,48.813779,2.272276
ST CLOUD,48.8452033,2.21755537
AEROPORT CDG2 TGV ROISSY,49.0096906,2.5479245
AULNAY SOUS BOIS,48.931745,2.493791
MAISONS ALFORT,48.802086,2.427032
PONTOISE,49.047263,2.09533
HIRSON,49.91432396,4.0843547
CAEN,49.17591,-0.348964
TROUVILLE - DEAUVILLE,49.36,0.0842
VIRE,48.84635383,-0.88316925
CHATEAUDUN,48.07340208,1.33842597
JOUY,48.511123,1.55859119
NOGENT LE ROTROU,48.32591302,0.81034277
CHERBOURG,49.633723,-1.619321
VALOGNES,49.50538585,-1.4803232
BUSIGNY,50.03946583,3.44589109
AVESNES,50.12653397,3.93373027
CAMBRAI,50.17747056,3.24032313
DON SAINGHIN,50.54869382,2.90745097
LA BASSEE,50.52770107,2.80508925
LA MADELEINE NORD,50.66059971,3.07258102
LILLE FLANDRES,50.637245,3.070776
LOOS LEZ LILLE,50.61287676,3.01796668
MAUBEUGE,50.27251698,3.96645229
TEMPLEUVE,50.52896647,3.17588768
CREPY EN VALOIS,49.23122039,2.88844224
LE PLESSIS BELLEVILLE,49.09611842,2.74466305
LONGUEIL STE MARIE,49.34233014,2.71607935
PONT STE MAXENCE,49.30986209,2.60223502
CONDE SUR HUISNE,48.38350844,0.84895885
ALENCON,48.43380326,0.09905038
SURDON,48.66490121,0.1341297
AUDRUICQ,50.87533915,2.07734782
HESDIN,50.37826604,2.03518472
LEFOREST,50.42769946,3.05925267
LIBERCOURT,50.47975631,3.00879173
LILLERS,50.56112567,2.47913006
LE TREPORT MERS,50.06273209,1.37651931
AILLY SUR NOYE,49.75457217,2.36390772
AILLY SUR SOMME,49.92831115,2.20052863
LONGPRE LES CORPS SAINTS,50.01142145,2.00315966
MONTDIDIER,49.64142161,2.5618866
ST ROCH SOMME,49.89314569,2.28335816
FOIX,42.96965531,1.60698546
BRAM,43.243805,2.1200962
CASTELNAUDARY,43.3120322,1.95035359
JARNAC CHARENTE,45.67128968,-0.1779242
RUFFEC CHARENTE,46.03064931,0.18999299
LA ROCHELLE VILLE,46.1531147691,-1.14630926102
BRIVE LA GAILLARDE,45.153818,1.529519
MEYMAC,45.52994313,2.16344556
OBJAT,45.26524091,1.40687307
USSEL,45.55813424,2.30890034
UZERCHE,45.44057584,1.5702286
CALLAC,48.40688978,-3.41866842
BERGERAC,44.85680143,0.49035153
THIVIERS,45.41900344,0.92099003
CARHAIX,48.27581197,-3.56410952
CHATEAULIN EMBRANCHEMENT,48.18609777,-4.09698076
CROZON MORGAT,48.2472678441,-4.49872330674
LANDIVISIAU,48.49561062,-4.08270373
COLOMIERS,43.60359478,1.33451466
TOULOUSE MATABIAU,43.61089468,1.45325035
VILLEFRANCHE DE LAURAGAIS,43.39845335,1.71449965
FACTURE BIGANOS,44.63737267,-0.96574938
GUJAN MESTRAS,44.64050597,-1.06934786
GUIGNICOURT,49.43545035,3.96077204
ST ERME,49.52691466,3.85759825
CHARLEVILLE MEZIERES,49.768506,4.724632
FUMAY,49.98621208,4.69199014
NOUZONVILLE,49.81219269,4.74266606
RETHEL,49.50457068,4.37028428
VENDEUVRE,48.24033602,4.46718837
CHAMPAGNE-ARDENNE TGV,49.21515,3.995812
FISMES,49.31084992,3.68229247
STE MENEHOULD,49.09006411,4.9039865
DIEULOUARD,48.8437441,6.0712765
LONGUYON,49.44720611,5.60358491
FORBACH,49.1886113457,6.90028825524
ST AVOLD,49.08570052,6.72071967
SARREBOURG,48.73846877,7.05195726
DIEMERINGEN,48.94103614,7.18478124
ERSTEIN,48.42286882,7.63813392
HAGUENAU,48.81343348,7.78237122
QUAI DE PARIS,48.58505465,7.74303518
ILLZACH,47.7719340562,7.38114678334
EPINAL,48.177883,6.442233
ETIVAL CLAIREFONTAINE,48.36666672,6.87702581
Voyages-sncf,46.198392,6.142296
PARIS EST,48.8762,2.3586
CONVENTION,48.83710787,2.29675077
DENFERT ROCHEREAU,48.833358,2.331889
INVALIDES,48.8611874,2.31497571
MUSEE D'ORSAY,48.86049539,2.32633621
TERNES,48.87732826,2.29957178
TURENNE,48.85467365,2.36304358
CHELLES GOURNAY,48.874577,2.582307
MELUN,48.5278861661,2.65575982997
RAMBOUILLET,48.6440164575,1.83037629189
ST GERMAIN EN LAYE,48.8967949285,2.09082912075
JUVISY,48.688713,2.381826
BOURG LA REINE,48.7802787314,2.31370737143
ASNIERES,48.906885,2.285708
CLICHY LEVALLOIS,48.89807582,2.31022149
NOGENT LE PERREUX,48.838305,2.48673
BOHAIN,49.98859043,3.44261951
CHATEAU THIERRY,49.03790955,3.40941055
BAYEUX,49.2694443,-0.69771168
DIVES CABOURG,49.28235965,-0.10986831
MEZIDON,49.07086722,-0.07496612
PONT L'EVEQUE,49.28702429,0.19196911
BUEIL,48.92508991,1.44377555
VERNON GIVERNY,49.091499,1.478711
AUNEAU,48.44541278,1.77971775
BROU,48.21711415,1.16149779
CHARTRES,48.4477578019,1.48188638006
EPERNON,48.60508434,1.68167617
VOVES,48.27497443,1.62215753
AVRANCHES,48.69040896,-1.369974
PONTORSON MONT ST MICHEL,48.55244449,-1.50506758
ST LO,49.11589479,-1.10108931
VILLEDIEU LES POELES,48.83415156,-1.22545495
ASCQ,50.6219674,3.15901709
BERGUES,50.96846098,2.42575596
DENAIN,50.33478471,3.38808258
DOUAI,50.371834,3.090447
GRAVELINES,50.97848895,2.12593163
HAUBOURDIN,50.60707768,2.99048359
HAZEBROUCK,50.72514156,2.54162562
LOMME,50.644104,3.012402
MONTIGNY EN OSTREVENT,50.36144293,3.18928164
ST ANDRE NORD,50.65420785,3.0442525
ABANCOURT,49.68525261,1.77443365
BEAUVAIS,49.42622129,2.08793703
BRETEUIL EMBRANCHEMENT,49.62664983,2.38409524
CHAMBLY,49.16356959,2.24037344
CHANTILLY GOUVIEUX,49.18697915,2.45956612
CLERMONT DE L'OISE,49.38544509,2.41751935
COMPIEGNE,49.4227186,2.82444244
CREIL,49.26409256,2.46905706
NOYON,49.57682403,3.00570655
RIBECOURT,49.50615765,2.92726507
ARGENTAN,48.73845947,-0.02572377
BULLY GRENAY,50.44897699,2.73221197
MARQUISE RINXENT,50.80524408,1.73131495
MONTREUIL SUR MER,50.4666912,1.7688053
NOEUX,50.48299973,2.67468692
RANG DU FLIERS VERTON,50.41584582,1.64806298
DIEPPE,49.91678976,1.08116874
ELBEUF ST AUBIN,49.3034738,1.00925593
LE HAVRE,49.493152,0.125281
MAROMME,49.47994703,1.05085481
HAM,49.73952636,3.07051505
NESLE SOMME,49.76403797,2.90936145
NOYELLES SUR MER,50.18702017,1.70453407
RUE,50.27315448,1.67583768
AX LES THERMES,42.72496009,1.83374002
SAVERDUN,43.23942087,1.57042184
RODEZ,44.36265218,2.58025315
ST CHRISTOPHE MARCILLAC,44.46468683,2.407487
COGNAC,45.6844549,-0.32616413
RUELLE,45.67622394,0.22124287
JONZAC,45.43871422,-0.4420025
MONTENDRE,45.28059563,-0.39605927
ST JEAN D'ANGELY,45.94088275,-0.50980346
CHATEAUNEUF SUR CHER,46.85576906,2.3116285
GIVET,50.14025278,4.81793944
MONTHERME,49.86554941,4.74099611
CHALONS EN CHAMPAGNE,48.955035,4.348264
REIMS,49.258466,4.024848
SUIPPES,49.11998777,4.54398456
VITRY LE FRANCOIS GARE,48.7177326,4.58723196
BLAINVILLE DAMELEVIERES,48.56457697,6.38710088
COMMERCY,48.76576823,5.58891956
BITCHE,49.04842371,7.4325731
BOUZONVILLE,49.29010996,6.52926028
FAULQUEMONT,49.04567661,6.60394814
LORRAINE TGV,48.9478,6.1697
MAIZIERES LES METZ,49.21611028,6.1582885
REMILLY,49.01484147,6.39391541
ROMBAS CLOUANGE,49.25586416,6.09836095
SCHIRMECK LA BROQUE,48.4804585,7.21619526
SELESTAT,48.25963804,7.44210277
SOULTZ SOUS FORETS,48.93451375,7.88214481
MUNSTER,48.03824675,7.13283698
BRUYERES,48.20475871,6.71921204
CORNIMONT,47.962174,6.837472
LE THILLOT,47.880605,6.76347
MIRECOURT,48.2997125,6.12877391
RAON L'ETAPE,48.4037414,6.83688554
REMIREMONT,48.01636734,6.59904066
THAON,48.24470632,6.41595435
BOULAINVILLIERS,48.85608584,2.27537557
LES OLYMPIADES,48.8266252,2.36456939
ST QUENTIN EN YVELINES,48.786473713,2.04485319646
LA DEFENSE RER A,48.8918,2.2386
RAINCY VILLEMONBLE,48.889463,2.512621
VILLENEUVE ST GEORGES,48.729969,2.446886
ANIZY PINON,49.49586412,3.44841696
LA FERE,49.6578652,3.36977757
MARLE SUR SERRE,49.74699512,3.76912608
VERNEUIL SUR AVRE,48.74277169,0.92928136
EVREUX - NORMANDIE,49.01897371,1.14878476
BONNEVAL,48.18628757,1.38611673
MAINTENON,48.58536431,1.59245486
CARENTAN,49.30180335,-1.2420982
COUTANCES,49.04279661,-1.44126699
HAUTMONT,50.25379503,3.91548766
JEUMONT,50.29673053,4.08918774
LE QUESNOY,50.25021803,3.64606647
LESQUIN,50.58917678,3.11933104
RONCHIN,50.6042402,3.07837762
ROUBAIX,50.695406,3.163795
SECLIN,50.54828103,3.03491424
ST AMAND LES EAUX,50.44311876,3.41874877
BORNEL BELLE EGLISE,49.19449995,2.20687792
ORRY LA VILLE COYE,49.13896455,2.48949839
ST JUST EN CHAUSSEE,49.50351385,2.4291106
ST SULPICE AUTEUIL,49.3478436,2.11590096
ST LEU D'ESSERENT,49.21415721,2.41814378
BRIOUZE,48.70200316,-0.36744375
ARRAS,50.287216,2.781105
BETHUNE,50.531036,2.63926
BILLY MONTIGNY,50.41531393,2.91166597
BOULOGNE VILLE,50.7156,1.6098
CALAIS FRETHUN,50.904763,1.811342
CALAIS VILLE,50.952561,1.850123
FECAMP,49.75945993,0.37388767
OISSEL,49.34309724,1.10197128
ABBEVILLE,50.10195959,1.82422275
ALBERT,50.00519358,2.6431164
AMIENS,49.8902117923,2.30752135448
CORBIE,49.91198389,2.50004672
TARASCON SUR ARIEGE,42.84945283,1.60003103
ANGOULEME,45.6534454501,0.164933286984
CHATEAUNEUF SUR CHARENTE,45.59997146,-0.05020679
LA ROCHEFOUCAULD,45.74045531,0.38971764
ROUMAZIERES LOUBERT,45.88936136,0.57882285
PONS,45.57808794,-0.53900142
ROYAN,45.62551453,-1.01719776
SURGERES,46.11341598,-0.76213303
AVORD,47.03484236,2.6523671
BOURGES,47.093451,2.39407
MEHUN SUR YEVRE,47.13897824,2.20722317
POMPADOUR,45.395226,1.387239
TULLE,45.25883951,1.75580592
GUINGAMP,48.5551556964,-3.14623037819
PAIMPOL,48.77670477,-3.04635539
ST BRIEUC,48.50775,-2.764157
LALINDE,44.83964412,0.74271405
LES EYZIES,44.94106958,1.00826678
MONTPON MENESTEROL,45.00620876,0.15944334
ST ASTIER,45.1389132,0.52288611
LANDERNEAU,48.45383363,-4.25620875
CAZERES SUR GARONNE,43.21290097,1.08276713
LUCHON,42.79727811,0.59660863
PORTET ST SIMON,43.5279197,1.38902062
ARCACHON,44.6585777,-1.16471656
BEAUTIRAN,44.7013885,-0.45091371
BEGLES,44.79977689,-0.55534062
CERONS,44.63297554,-0.34112069
LA HUME,44.63996951,-1.1162956
STE FOY LA GRANDE,44.83675537,0.22148273
ALMA,48.08242,-1.679002
FOUGERES,48.354071,-1.199474
MONTFORT SUR MEU,48.13899222,-1.94885546
BAR SUR AUBE,48.23854994,4.70683803
NOGENT SUR SEINE,48.49783702,3.4937079
DORMANS,49.07925068,3.64172773
EPERNAY,49.046758,3.958392
CULMONT CHALINDREY,47.81001873,5.44245538
CHAUMONT,48.10945433,5.13444549
LANGRES,47.87725486,5.34468027
ST DIZIER,48.6428056,4.94718655
JOEUF,49.22449404,6.01707623
LUNEVILLE,48.58809608,6.50793866
NANCY,48.6895567438,6.17499516303
PONT A MOUSSON,48.9007986,6.04992546
METZ VILLE,49.10976732,6.1761595
METZ,49.10976732,6.1761595
MORHANGE,48.93669099,6.6593863
BISCHWILLER,48.76542544,7.85118911
MOLSHEIM,48.53752463,7.50020612
SAVERNE,48.74477891,7.36215238
ST LOUIS,47.59036625,7.55553043
THANN,47.8091073,7.10700049
CONTREXEVILLE,48.17928145,5.889968
NEUFCHATEAU,48.35715705,5.68934909
RAMBERVILLERS,48.346842,6.635484
ST DIE DES VOSGES,48.28202483,6.94729518
AIX LA CHAPELLE,50.7680669,6.08015
BELLEVILLE,48.8746617005,2.38720532955
GRANDS BOULEVARDS,48.8711612285,2.3449034067
PONT NEUF,48.8602534164,2.34426563778
COMMERCE,48.84738117,2.29615286
ITALIE 2,48.829429,2.355752
PEREIRE,48.88546139,2.29771972
PARIS SAINT-LAZARE,48.87648202,2.32688606
PARIS BERCY,48.8399404338,2.38239239406
PARIS LYON,48.845594,2.373304
MARNE LA VALLEE CHESSY,48.8705226058,2.78344295943
POISSY,48.9320762706,2.04069916078
VERSAILLES RIVE DROITE,48.80952738,2.13374421
EVRY COURCOURONNES,48.65860328,2.41462111
BOULOGNE BILLANCOURT,48.836789,2.239342
NEUILLY SUR SEINE,48.8845074181,2.26859546607
NOISY LE GRAND LES ARCADES,48.838435,2.54572
SAINT DENIS,48.93602177,2.34564627
CRETEIL SOLEIL,48.779729,2.457443
ENGHIEN LES BAINS,48.973288,2.306571
ERMONT EAUBONNE,48.9796724438,2.27165880591
CERGY PREFECTURE,49.04501,2.020135
CHAUNY,49.61046776,3.22265067
LAON,49.57088217,3.62376091
SOISSONS,49.36904142,3.33786904
ST QUENTIN,49.840556317,3.29788000111
LA FERTE MILON,49.17954708,3.12101402
LECLERC,49.18153776,-0.36164781
LISIEUX,49.145922,0.227849
LISON,49.22705349,-1.05028492
BERNAY,49.08698855,0.595728
DREUX,48.731596,1.370027
ST PIAT,48.54243185,1.59008904
GRANVILLE,48.8380621318,-1.58857831049
AULNOYE AYMERIES,50.19721269,3.84375332
BAILLEUL,50.72899745,2.73406102
CAUDRY,50.11137456,3.40962458
COMINES FRANCE,50.76109768,3.0101204
DUNKERQUE,51.030568,2.369705
FOURMIES,50.01541362,4.05372952
LE CATEAU,50.09115924,3.54061345
LILLE EUROPE,50.639717,3.074911
LILLE,50.639717,3.074911
ORCHIES,50.47729441,3.24939055
TOURCOING,50.717357,3.167901
VALENCIENNES,50.363289,3.517991
VILLENEUVE D'ASCQ,50.631621,3.153336
WAVRIN,50.57523092,2.93757695
HERMES BERTHECOURT,49.3545,2.2417
MERU,49.23293089,2.13225517
MONTATAIRE,49.25118615,2.436936
NANTEUIL LE HAUDOUIN,49.1421717,2.79383847
THOUROTTE,49.47530102,2.88180525
L'AIGLE,48.7666838,0.62073331
AVION,50.40648455,2.83333241
BOULOGNE TINTELLERIES,50.72710949,1.60960958
CALONNE RICOUART,50.48313467,2.48191859
ETAPLES LE TOUQUET,50.51690234,1.64347897
HENIN BEAUMONT,50.41610336,2.95072879
LENS,50.427108,2.828573
ST OMER,50.7535956,2.26769681
ST POL SUR TERNOISE,50.3788526,2.33903655
BARENTIN EMBRANCHEMENT,49.55012384,0.95332578
LE PALAIS,49.441777,1.093428
SERQUEUX,49.631268,1.53952371
YVETOT,49.62211267,0.75007177
CHAULNES,49.8075778,2.80040579
LONGUEAU,49.857504,2.348754
MOREUIL,49.77688245,2.47561209
ANDORRE L'HOSPITALET,42.58826847,1.79863765
PAMIERS,43.11608176,1.61975949
VARILHES,43.04149004,1.62857558
SAINTES,45.74784288,-0.61757581
ST AMAND MONTROND ORVAL,46.72643117,2.48578654
ST FLORENT SUR CHER,46.9930334,2.25272608
VIERZON VILLE,47.226246,2.059563
BROONS,48.33335723,-2.23643174
LOCHES,47.13040021,1.0009696
PETITE ARCHE,47.42817,0.696604
PORT BOULET,47.24852658,0.15486884
LABENNE,43.58713632,-1.42877899
LABOUHEYRE,44.21103407,-0.92134749
BLOIS,47.5847838908,1.32417763229
ROMORANTIN BA,47.35624953,1.73911881
SALBRIS,47.42516689,2.04756436
SELLES SUR CHER,47.28175674,1.54611529
VENDOME,47.8014033403,1.06725120876
VENDOME VILLIERS SUR LOIR,47.822001,1.021171
ANCENIS,47.36945823,-1.17759503
CHANTENAY,47.19670503,-1.59595728
MACHECOUL,46.99031737,-1.82247487
REZE PONT ROUSSEAU,47.193132,-1.54969894
SAVENAY,47.35851289,-1.95141501
ST NAZAIRE,47.2859733599,-2.21099733457
BEAUGENCY,47.7782396,1.62571426
ST DENIS PRES MARTEL,44.94579181,1.6662866
FIGEAC,44.60370252,2.03677357
GOURDON,44.74181022,1.38954212
MAISON DE LA MOBILITE,44.405908,0.706807
ANGERS ST LAUD,47.464798,-0.556195
ANGERS SAINT LAUD,47.464798,-0.556195
CHALONNES,47.34287281,-0.74363749
LORIENT,47.75603,-3.370681
QUIBERON,47.48552442,-3.11816918
ARTIX,43.39296485,-0.57011174
CAMBO LES BAINS,43.36522924,-1.39616813
PUYOO,43.52451517,-0.91054108
LATOUR DE CAROL ENVEITG,42.45815677,1.90584041
ARNAGE,47.92844086,0.18994415
MOISSAC,44.10257667,1.07759222
VALENCE D'AGEN,44.11184592,0.89179102
CHANTONNAY,46.68999387,-1.05461144
LUCON,46.46380082,-1.16745057
CHATELLERAULT,46.81860477,0.5490911
MONTMORILLON,46.41733187,0.87375628
POITIERS,46.580817,0.332804
BUSSIERE GALANT,45.6266804,1.0363381
MEXIMIEUX PEROUGES,45.90168298,5.19354715
COMMENTRY,46.29523421,2.73950466
MOULINS SUR ALLIER,46.560757,3.33822
ST GERMAIN DES FOSSES,46.20885676,3.43078228
LARAGNE,44.31648398,5.81893421
CROS DE CAGNES,43.66024462,7.16621296
JUAN LES PINS,43.5707329,7.11078721
MENTON GARAVAN,43.7850885,7.51706752
NICE ST AUGUSTIN,43.67115051,7.21735917
NICE VILLE,43.7039011402,7.2613858425
AIX EN PROVENCE,43.524917,5.446312
CASSIS,43.23398663,5.55314681
GARDANNE,43.45636286,5.46346483
PORT DE BOUC,43.40724137,4.98471855
MASSIAC BLESLE,45.25314597,3.19642335
MAURS,44.70639383,2.20008776
NEUSSARGUES,45.12530029,2.97841321
BORT LES ORGUES,45.40635653,2.50256351
DIJON VILLE,47.323524,5.028093
GENLIS,47.24448705,5.22386911
NUITS ST GEORGES,47.13066841,4.95622765
FRASNE,46.85784682,6.15768354
MONTBELIARD,47.51075829,6.8013591
ST VIT,47.18359013,5.80864231
LIVRON,44.77990875,4.82989844
MONTELIMAR,44.5584944092,4.74557829617
LE GRAU DU ROI,43.53658234,4.14086719
VILLENEUVE LES AVIGNON,43.956255,4.792372
GRENOBLE REPUBLIQUE,45.190614,5.729896
GRENOBLE UNIVERSITES GIERES,45.184646,5.784636
JARRIE VIZILLE,45.08541513,5.74225624
MONESTIER DE CLERMONT,44.91240895,5.63462696
PONTCHARRA SUR BREDA ALLEVARD,45.4340136,6.0078904
ST EGREVE ST ROBERT,45.23570155,5.67119196
VOIRON,45.36393503,5.5944984
ST CLAIR LES ROCHES,45.4506407,4.77024858
ST ETIENNE CHATEAUCREUX,45.44278384,4.40033827
SAINT ETIENNE CHATEAUCREUX,45.44278384,4.40033827
CERCY LA TOUR,46.85774716,3.64491491
BRASSAC LES MINES STE FLORINE,45.4142918,3.33067463
CLERMONT FERRAND,45.7794112139,3.10052830179
VIC LE COMTE,45.66574429,3.20698869
BOURG MADAME,42.43209002,1.94931314
COLLIOURE,42.5268923,3.07872086
ELNE,42.59736926,2.96352068
RIVESALTES,42.76615979,2.8678155
AMPLEPUIS,45.97144066,4.32579653
OULLINS,45.71731326,4.81350575
ST GENIS LAVAL,45.695637,4.793449
ST GERMAIN AU MONT D'OR,45.88878538,4.80412682
ST PRIEST,45.68672983,4.93394507
TARARE,45.88978808,4.43907466
LURE,47.68297051,6.49278884
LUXEUIL LES BAINS,47.81516287,6.37186494
VESOUL,47.61747601,6.1517442
DIGOIN,46.48525336,3.98800394
LE CREUSOT MONTCEAU MONTCHANIN TGV,46.759221,4.4815578
LE CREUSOT MONTCEAU MONTCHANIN,46.759221,4.4815578
LES ARCS,45.5769448,6.7818596
MODANE,45.19352195,6.65941695
MONTMELIAN,45.50348679,6.04262161
ARGENTIERE HAUTE-SAVOIE (74),45.98284693,6.9302543
EVIAN LES BAINS,46.3975953,6.577137
MACAU,45.00400357,-0.61976174
ST ANDRE DE CUBZAC,44.99109493,-0.43937537
ST SEURIN SUR L'ISLE,45.01141376,-0.00190961
JANZE,47.95512334,-1.49740973
L'HERMITAGE MORDELLES,48.12316333,-1.81918843
MONTREUIL SUR ILLE,48.30632019,-1.67427134
RENNES,48.104114,-1.671996
RENNES CENTRE,48.11306179,-1.67933494
ARGENTON SUR CREUSE,46.59216719,1.5189231
CHINON,47.16305281,0.2520436
STE MAURE NOYANT,47.11111258,0.57700584
DAX,43.720034,-1.051433
GIEVRES,47.27878311,1.66766605
ONZAIN,47.49186476,1.18609563
LA BASSE INDRE ST HERBLAIN,47.2042578,-1.66098294
NANTES,47.2178592984,-1.54180037257
NANTES BOURSE,47.21210361,-1.55937597
NORT-SUR-ERDRE,47.441575,-1.502756
PONTCHATEAU,47.43517773,-2.08820897
PORNIC,47.11452652,-2.09767285
CHATEAUBRIANT,47.7169964,-1.37139708
BRIARE,47.64649868,2.73368519
MEUNG SUR LOIRE,47.82997881,1.69176022
MONTARGIS,48.006802,2.742269
ORLEANS,47.9075513102,1.90533334917
PORT STE MARIE,44.25036447,0.39030982
CHEMILLE,47.21765301,-0.73238638
SAUMUR,47.26923942,-0.07198407
SEGRE,47.6786103,-0.86674814
HENNEBONT,47.79893044,-3.28565674
BIARRITZ,43.4596672359,-1.54562453146
HENDAYE,43.358735,-1.776002
LANNEMEZAN,43.11423478,0.38760662
ECOMMOY,47.82400408,0.26939379
PARTHENAY,46.64833126,-0.24028021
ALBI MADELEINE,43.93818633,2.14079344
CARMAUX,44.04859913,2.15197882
LAVAUR,43.70362464,1.81296548
ST SULPICE TARN,43.77541211,1.68103719
CAUSSADE TARN ET GARONNE,44.16230407,1.5334529
MONTAUBAN VILLE BOURBON,44.025555,1.378056
FONTENAY LE COMTE,46.45752274,-0.79325557
FUTUROSCOPE,46.662124,0.376228
LOUDUN,47.01602558,0.08334456
LIMOGES BENEDICTINS,45.836435,1.266909
NEXON,45.69162896,1.17800198
PONT DE VEYLE,46.26781714,4.89297313
VONNAS,46.22727482,4.99149055
MIRIBEL,45.82181667,4.95374627
CHORGES,44.54570494,6.27205927
CANNES,43.553592,7.022092
CARNOLES,43.76123708,7.48090143
GOLFE JUAN VALLAURIS,43.56614977,7.07316872
GRASSE,43.65384391,6.92676922
MANDELIEU LA NAPOULE,43.52430717,6.94155281
TENDE,44.0761104,7.60002163
VILLEFRANCHE SUR MER,43.70678751,7.31363828
LE TEIL,44.554103,4.685833
CARCASSONNE,43.217477,2.351863
NARBONNE,43.187904,3.003917
SEVERAC LE CHATEAU,44.32492027,3.05685701
CENTRE BOURSE,43.2967,5.378
MARSEILLE  MONTGRAND,43.2917197144,5.37883032045
SIMIANE,43.43501046,5.42637257
TARASCON SUR RHONE,43.80134444,4.65776289
VIC SUR CERE,44.97610917,2.63179227
MONTBARD,47.61871969,4.33615203
SEURRE,46.99644978,5.15124789
BESANCON VIOTTE,47.24612155,6.02192036
MORTEAU,47.05369069,6.60485988
CREST,44.72981586,5.01620578
ST RAMBERT D'ALBON,45.29774948,4.81039291
BAGNOLS SUR CEZE,44.16127,4.626542
AGDE,43.31757369,3.46602019
BEDARIEUX,43.60763168,3.14900526
GRENOBLE,45.190402,5.715801
MOIRANS,45.32207953,5.58176428
PONT DE BEAUVOISIN,45.52454112,5.68066526
TULLINS FURES,45.30072297,5.49219473
VIF,45.04741017,5.68554821
DOLE VILLE,47.0960053085,5.48873916325
ST CLAUDE,46.39000069,5.86013362
BOEN,45.74159431,4.00442988
BONSON,45.52245823,4.21628281
FEURS,45.74475417,4.23071293
LE COTEAU,46.02353953,4.08628844
ROANNE,46.03870642,4.06328119
ST ETIENNE BELLEVUE,45.417529,4.392815
LE PUY EN VELAY,45.04272406,3.89252814
ST CHELY D'APCHER,44.80170127,3.2707413
LUZY,46.79423875,3.96942826
PERPIGNAN,42.696366,2.880194
ALBIGNY NEUVILLE,45.87427814,4.83297183
LYON JEAN MACE,45.7437416,4.8409723
ST PAUL,45.7661845526,4.8272430261
TASSIN,45.76169128,4.75893321
VENISSIEUX,45.70516748,4.88794761
ETANG,46.868022,4.18367966
MACON VILLE,46.30415,4.833486
MACON LOCHE,46.30415,4.833486
PARAY LE MONIAL,46.44707673,4.11360895
ALLASSAC,45.25909045,1.47308701
BUGEAT,45.60046123,1.9245346
DINAN,48.45696572,-2.05298679
PLOUARET TREGOR,48.60618896,-3.46681
GUERET,46.17410208,1.8793905
LA SOUTERRAINE,46.23997619,1.49239946
LE BUISSON,44.84699823,0.90801208
BREST,48.3873311183,-4.48115349887
Centre Commercial Le Phare de l'Europe,48.4078,-4.468
DOUARNENEZ,48.0929704556,-4.33056789135
PONT L'ABBE,47.86625869,-4.22418625
ESCALQUENS,43.5166377,1.54247427
L'ISLE JOURDAIN,43.61732736,1.0897179
BASSENS VILLE,44.90130544,-0.52239243
BLANQUEFORT,44.91767046,-0.62354952
CASTILLON,44.85715781,-0.0406571
GAZINET CESTAS,44.77219575,-0.69914761
LA REOLE,44.57983407,-0.03037563
LA TESTE,44.63717829,-1.14287877
PAUILLAC,45.20358995,-0.75564031
SOULAC SUR MER,45.50691549,-1.1167619
BETTON,48.18174943,-1.63412871
GRAND QUARTIER,48.133401,-1.691105
RETIERS,47.91321221,-1.38971806
ST MALO,48.6465470426,-2.00591364767
VITRE,48.12241997,-1.21196568
ISSOUDUN,46.94784857,1.98492117
YCHOUX,44.32934522,-0.94597681
MER LOIR ET CHER,47.70600705,1.50618276
LA BAULE ESCOUBLAC,47.288219,-2.389178
LE CROISIC,47.28973383,-2.50691659
PORNICHET,47.27033778,-2.3439167
VERTOU,47.18596565,-1.47794424
GIEN,47.69888288,2.63675237
LA FERTE ST AUBIN,47.72019552,1.93254252
LES AUBRAIS,47.9260167266,1.9072825144
CAHORS,44.449311,1.433952
MONSEMPRON LIBOS,44.4867732,0.94141181
TONNEINS,44.39291351,0.31417546
PLOERMEL,47.9329018,-2.39764672
PAU,43.292499,-0.37286
LOURDES,43.10028718,-0.04198205
TOURNAY,43.18350215,0.23896669
LA FERTE BERNARD,48.18598705,0.63899174
LA SUZE,47.89243987,0.02691019
SILLE LE GUILLAUME,48.18162439,-0.12857608
BRESSUIRE,46.83716715,-0.4964851
NIORT,46.31833363,-0.455721800728
ST MAIXENT DEUX SEVRES,46.40630762,-0.20130625
CASTRES,43.59690633,2.22695182
GAILLAC,43.90611392,1.89440768
CASTELSARRASIN,44.04026035,1.11452726
CHALLANS,46.84380334,-1.87156183
LA ROCHE SUR YON,46.67155887,-1.43588315
ST GILLES CROIX DE VIE,46.69677235,-1.94244873
EYMOUTIERS VASSIVIERE,45.73962094,1.74022897
LIMOGES LES HALLES,45.8298214251,1.25621447529
BOURG EN BRESSE,46.200318,5.215117
DIVONNE LES BAINS,46.353714,6.13755
VILLARS LES DOMBES,46.00458948,5.02872466
MONTLUCON VILLE,46.338631,2.599162
LAPALISSE,46.2485564174,3.63559870462
LA BRILLANNE ORAISON,43.92481569,5.89233047
MANOSQUE GREOUX LES BAINS,43.82310024,5.79351737
SISTERON,44.19040624,5.94658111
ASPRES SUR BUECH,44.5190372,5.75469711
GAP,44.56362377,6.08538931
SERRES,44.42471199,5.71839863
BIOT,43.61138725,7.12666931
BREIL SUR ROYA,43.94376726,7.51611279
LA TRINITE VICTOR,43.74271122,7.31157439
VILLENEUVE LOUBET PLAGE,43.63003382,7.13443409
ANNONAY,45.246435,4.675654
LIMOUX,43.05647508,2.2229991
ST ROME DE CERNON,44.0145748,2.96761728
AIX EN PROVENCE TGV,43.449215,5.446409
ARLES,43.6823484783,4.63100528794
LA CIOTAT,43.19953623,5.63262853
ROGNAC,43.48667728,5.23086425
ST FLOUR CHAUDES AIGUES,45.03496384,3.1061934
LE VALDAHON,47.14978276,6.34110584
TAIN,45.07236628,4.83990674
VALENCE TGV RHONE-ALPES SUD,44.987188,4.981457
VALENCE ALIXAN TGV,44.987188,4.981457
VAUVERT,43.69531352,4.27025173
VERGEZE CODOGNAN,43.73981735,4.21884442
GRAND SUD LATTES,43.582131,3.92669
LUNEL,43.67951514,4.13080694
SETE,43.412293,3.696686
ST GUILHEM,43.60973865,3.875558
TRIFONTAINE,43.657606,3.831723
BRIGNOUD,45.26262437,5.90141181
PONT DE CLAIX,45.12523913,5.70002764
ST QUENTIN FALLAVIER,45.63819299,5.09990301
VIENNE,45.5213537,4.87449078
MOREZ,46.53000338,6.02235438
FIRMINY,45.39166084,4.28552315
MONTBRISON,45.60504913,4.07835213
RIVE DE GIER,45.52433724,4.60636203
ST CHAMOND,45.47243783,4.51715973
ST ETIENNE LA TERRASSE,45.46497105,4.3789325
BLERE LA CROIX,47.3380936,0.98631193
PORT DE PILES,47.01014723,0.59855867
ST PIERRE DES CORPS,47.386352,0.721027
TOURS,47.389934,0.693587
AIRE SUR L'ADOUR,43.70733217,-0.25656291
VILLEFRANCHE SUR CHER,47.29500075,1.75896342
BOUAYE,47.1377757,-1.67982308
CLISSON,47.08583846,-1.28675466
COUERON,47.22175064,-1.72332053
LE PALLET,47.14422839,-1.34779031
LE POULIGUEN,47.28244806,-2.43412989
STE PAZANNE,47.10507605,-1.81431856
BRETENOUX BIARS,44.9275681,1.84420434
SOUILLAC,44.90233724,1.4652148
ASSIER,44.67391267,1.87042064
AGEN,44.207897,0.620884
AIGUILLON,44.29872345,0.33517408
MARMANDE,44.50322636,0.16797027
PENNE LOT ET GARONNE,44.37995248,0.80302262
EVRON,48.15546225,-0.39719344
LAVAL,48.07612523,-0.76139732
MAYENNE,48.2990031119,-0.611607421599
AURAY,47.6798874448,-2.99905773082
QUESTEMBERT,47.68313102,-2.44966901
BAYONNE,43.496592,-1.470383
COARRAZE NAY,43.18177676,-0.24181524
OLORON STE MARIE,43.19501231,-0.61226674
TARBES,43.2395029182,0.0694432069723
CHATEAU DU LOIR,47.68303169,0.41527325
CONNERRE BEILLE,48.07412253,0.48763852
SABLE SUR SARTHE,47.84196406,-0.34231492
THOUARS,46.98524894,-0.21051348
MAZAMET,43.49791375,2.37491762
MONTAIGU VENDEE,46.9837446,-1.31648157
AIXE SUR VIENNE,45.7958536,1.1345795
BELLAC,46.12591542,1.04665307
LE DORAT,46.21030404,1.0797555
LIMOGES MONTJOVIS,45.8452801,1.2140596
ST JUNIEN,45.88138217,0.90036285
ST YRIEIX LA PERCHE,45.51926869,1.20560289
BELLEGARDE,46.118007,5.820454
BELLEGARDE (AIN),46.118007,5.820454
CULOZ,45.84314714,5.77909175
TENAY HAUTEVILLE,45.92229957,5.50095003
MONTLUEL,45.84809558,5.05866739
VICHY,46.127252,3.429786
DOMPIERRE SEPT FONS,46.52642363,3.67533359
GANNAT,46.09743576,3.20488011
CHATEAU ARNOUX ST AUBAN,44.06154356,5.99730721
DIGNE GARE,44.08894516,6.2226012
BRIANCON,44.88961284,6.63261557
EMBRUN,44.56685493,6.49625839
L'ARGENTIERE LES ECRINS,44.79102194,6.55607776
ANTIBES,43.569558,7.082588
NICE RIQUIER,43.70594006,7.29029802
ST LAURENT DU VAR,43.66246623,7.19462168
AUBENAS,44.61096704,4.39058572
LA VOULTE SUR RHONE,44.8058,4.7834
LEUCATE LA FRANQUI,42.93284181,3.01274698
LEZIGNAN-CORBIERES,43.19997074,2.76985676
MILLAU,44.1035429,3.07488247
AUBAGNE,43.29606591,5.56631625
CARRY LE ROUET,43.33675734,5.15373495
MARTIGUES,43.39267017,5.02558464
MIRAMAS,43.58092916,4.99959855
SALON DE PROVENCE,43.63917124,5.08826901
SEPTEMES,43.40319066,5.37005209
STE MARTHE EN PROVENCE,43.33930652,5.39067363
MURAT,45.10892965,2.86920503
BEAUNE,47.0230407,4.8487235
IS SUR TILLE,47.52022809,5.12983281
TOISON D'OR,47.322047,5.04148
BAUME LES DAMES,47.35404465,6.35910776
BESANCON FRANCHE COMTE TGV,47.3073610585,5.95319509506
PONTARLIER,46.90099652,6.35295839
DIE,44.75813143,5.36293671
PIERRELATTE,44.37458051,4.70375977
ST VALLIER SUR RHONE,45.18597635,4.81444124
AIGUES MORTES,43.57111656,4.1911067
MONTPELLIER SAINT-ROCH,43.604982,3.880313
MONTPELLIER,43.604982,3.880313
GONCELIN,45.34204035,5.97384426
GRAND PLACE,45.136164,5.74905
RIVES,45.35751168,5.49167534
BOURGOIN JALLIEU,45.5837256,5.27399767
LE PEAGE DE ROUSSILLON,45.37177685,4.79496597
LONS LE SAUNIER,46.66858537,5.55105925
MOUCHARD,46.97672966,5.80070526
VEAUCHE ST GALMIER,45.56548632,4.29322194
JAUDE,45.7779,3.0822
THIERS,45.86134991,3.54289644
VERTAIZON,45.78459807,3.28795694
CERBERE,42.44276389,3.16552461
FONT ROMEU ODEILLO VIA,42.49130655,2.03949607
LAMURE SUR AZERGUES,46.06121828,4.4922699
LYON-SAINT EXUPERY TGV,45.720309587,5.08124666227
SATHONAY RILLIEUX,45.8200649,4.87549043
CHALON SUR SAONE,46.782188852,4.84467068065
LOUHANS,46.63075442,5.2171132
MONTCEAU LES MINES,46.67106794,4.36206668
MONTCHANIN,46.75899278,4.48305348
AIX LES BAINS LE REVARD,45.688405,5.909481
LANNION,48.72695248,-3.46066861
AUBUSSON,45.96093349,2.16047958
BELVES,44.77729103,1.01190228
MUSSIDAN,45.03458659,0.35385563
PERIGUEUX,45.18703258,0.70873135
SARLAT,44.87643936,1.22195872
TERRASSON,45.13583231,1.30045518
MORLAIX,48.577569,-3.833131
QUIMPERLE,47.86906313,-3.55301115
AUTERIVE,43.348835,1.46862436
CARBONNE,43.29837559,1.21240385
CASTELNAU D'ESTRETEFONDS,43.78597157,1.34170151
ST GAUDENS,43.10495622,0.72926291
GIMONT CAHUZAC,43.63318196,0.86758354
BORDEAUX ST JEAN,44.8240009377,-0.557843374104
CAUDERAN MERIGNAC,44.8427,-0.6277
COUTRAS,45.03675607,-0.13130663
LANGON,44.55573359,-0.2558498
PESSAC,44.80440684,-0.63178958
ST MARIENS ST YZAN,45.13913126,-0.39145858
BRUZ,48.02852046,-1.75199414
CHATEAUBOURG,48.10614832,-1.40529581
COLOMBIA,48.105017,-1.678087
REDON,47.6522081032,-2.08881997792
BUZANCAIS,46.88486371,1.41840962
JOUE LES TOURS,47.35419765,0.6680026
MONT DE MARSAN,43.885306,-0.503245
MORCENX,44.03408455,-0.90856676
PEYREHORADE,43.54686079,-1.11577202
ST VINCENT DE TYROSSE,43.65756135,-1.30675361
LAMOTTE BEUVRON,47.59358194,2.02220778
MONTRICHARD,47.34380274,1.17201375
ST AIGNAN NOYERS,47.28678396,1.38389888
ST ETIENNE DE MONTLUC,47.27555108,-1.78736414
NOGENT SUR VERNISSON,47.85285011,2.73763662
ST CYR EN VAL LA SOURCE,47.81906126,1.94742337
CHOLET,47.06573268,-0.86959876
VANNES,47.664602,-2.753322
ORTHEZ,43.48756,-0.773928
ST JEAN DE LUZ CIBOURE,43.3859387589,-1.66218950033
ST JEAN PIED DE PORT,43.16808079,-1.23883573
LE MANS,47.9961,0.192545
ALBI VILLE,43.92222255,2.13724169
LES SABLES D'OLONNE,46.49921246,-1.79295546
SAINT LEONARD DE NOBLAT,45.8366205,1.4897451
SAINT SULPICE LAURIERE,46.0529632,1.469062
AMBERIEU EN BUGEY,45.95380694,5.3424179
OYONNAX,46.25974024,5.65306524
VALLON-EN-SULLY,46.5358081,2.61160754
MONTDAUPHIN GUILLESTRE,44.67404737,6.61558495
VEYNES DEVOLUY,44.53181896,5.81578027
BEAULIEU SUR MER,43.70648108,7.33162652
CAGNES SUR MER,43.6571386,7.14801473
CANNES LA BOCCA,43.5489587,6.9865606
MENTON,43.77463982,7.49343931
MOUANS-SARTOUX,43.6204109,6.97429649
SOSPEL,43.87625676,7.45312562
PORT LA NOUVELLE,43.02086419,3.03880452
ISTRES,43.51545148,4.98028897
BONNEVEINE,43.2501,5.3891
MARSEILLE ST CHARLES,43.302076,5.381667
SAUSSET LES PINS,43.33293178,5.11026253
AURILLAC,44.92068042,2.43554606
LAROQUEBROU,44.9642008,2.19284046
LE LIORAN,45.0906658,2.7542062
AUXONNE,47.19222151,5.37762466
LES LAUMES ALESIA,47.54331945,4.46286849
ROMANS BOURG DE PEAGE,45.04906276,5.04968121
VALENCE VILLE,44.92803146,4.89288447
ALES,44.12812568,4.084779
NIMES,43.832581,4.366038
BEZIERS,43.3367033403,3.21722208376
FRONTIGNAN,43.44458609,3.75901488
ST MARCELLIN ISERE,45.15075972,5.32366395
LA TOUR DU PIN,45.56019724,5.44926379
LA VERPILLIERE,45.62749818,5.15053489
L'ISLE D'ABEAU,45.60717591,5.21969523
ARVANT,45.36399228,3.31010583
MARVEJOLS,44.54461586,3.28104757
MENDE,44.52233216,3.50190793
CLAMECY,47.46704496,3.52057876
COSNE SUR LOIRE,47.41402574,2.93208865
NEVERS,46.987306263,3.15127425945
AMBERT,45.54982339,3.73466606
ISSOIRE,45.544003,3.253961
LA BOURBOULE,45.5905746,2.746352
RIOM CHATEL GUYON,45.88984232,3.1208132
ARGELES SUR MER,42.54395093,3.02150018
ILLE SUR TET,42.66848282,2.62464628
PRADES MOLITG LES BAINS,42.61703381,2.42936122
BRIGNAIS,45.67324579,4.7632105
GIVORS VILLE,45.58536819,4.76624281
L'ARBRESLE,45.83331246,4.61911381
LOZANNE,45.8541737,4.68005726
LYON PART DIEU,45.760529,4.85832
VILLEFRANCHE SUR SAONE,45.98428754,4.72096185
AUTUN,46.9552549,4.29297021
CHAGNY,46.90740213,4.74833554
LA CLAYETTE BAUDEMONT,46.28790346,4.29833765
LE CREUSOT,46.8077009,4.4306753
SALLANCHES COMBLOUX MEGEVE,45.93552824,6.63661484
ST GERVAIS LES BAINS LE FAYET,45.90647016,6.70071726
THONON LES BAINS,46.36893764,6.48196998
BOULOURIS SUR MER,43.41632844,6.80833217
LES ARCS DRAGUIGNAN,43.5036721,6.4847536
VILLENEUVE LA GUYARD,48.34290169,3.07176967
AIME LA PLAGNE,45.55435246,6.64858745
BOURG ST MAURICE,45.61952243,6.77145928
CHAMBERY CHALLES LES EAUX,45.570511,5.919795
LANDRY,45.57475445,6.73410248
MOUTIERS SALINS BRIDES LES BAINS,45.48682525,6.53003799
ST JEAN DE MAURIENNE ARVAN,45.27795405,6.35457609
ANNECY,45.901455,6.120723
CHAMONIX MONT BLANC,45.92246131,6.87392737
CLUSES  74,46.061479,6.5827632
GROISY THORENS LA CAILLE,46.01053103,6.17492872
ST JULIEN EN GENEVOIS,46.14186425,6.08527701
CARNOULES,43.29744802,6.18702632
ST RAPHAEL VALESCURE,43.4238702145,6.76840199812
AVIGNON MISTRAL 7,43.935303,4.831138
CAVAILLON,43.83470238,5.04373694
LE THOR,43.92640557,4.99603452
ORANGE,44.1373993,4.81971169
AUXERRE ST GERVAIS,47.79760144,3.58544681
SENS,48.19802918,3.26731325
ST FLORENTIN VERGIGNY,47.9804146,3.73094939
BELFORT,47.633459,6.854265
BRIOUDE,45.30076313,3.37884258
DECIZE,46.837456,3.46752119
LA CHARITE SUR LOIRE,47.18099521,3.02401397
ROYAT CHAMALIERES,45.76788566,3.06175227
BANYULS SUR MER,42.48261944,3.12441085
CERET,42.485411,2.749382
MONT LOUIS LA CABANASSE,42.50197726,2.11441876
VILLEFRANCHE VERNET LES BAINS,42.59146754,2.37001473
BELLECOUR,45.7587533068,4.83095139193
BELLEVILLE SUR SAONE,46.1118853,4.7287019
CHARBONNIERES LES BAINS,45.78225244,4.73573083
CROIX ROUSSE,45.7752174778,4.83018214187
ECULLY LA DEMI LUNE,45.76595823,4.77968557
LYON PERRACHE,45.749706,4.824545
VITTON,45.7695518358,4.85345259638
GENELARD,46.58086397,4.23766438
MÌâCON LOCHÌä TGV,46.282902,4.778881
ALBERTVILLE,45.67339955,6.3832542
ST MICHEL VALLOIRE,45.21685301,6.47154715
ST PIERRE D'ALBIGNY,45.55736099,6.15694734
ANNEMASSE,46.199489,6.236921
SOLLIES PONT,43.19230678,6.04665354
AVIGNON TGV,43.939954,4.79219
L'ISLE S/ SORGUE-FONTAINE DE VAUCLUSE,43.91709368,5.04746437
MONTFAVET,43.93267093,4.87386424
PERTUIS,43.68412999,5.50425566
SORGUES CHATEAUNEUF DU PAPE,44.00518611,4.8758741
AVALLON,47.4957913,3.91269686
ST AVRE LA CHAMBRE,45.35345693,6.30227086
BONNEVILLE,46.07784272,6.4169001
BONS EN CHABLAIS,46.27000322,6.36643225
LA ROCHE SUR FORON,46.06725794,6.30395116
FREJUS ST RAPHAEL,43.4324625924,6.73232493892
HYERES,43.11239883,6.11313702
LA PAULINE HYERES,43.13639338,6.03501556
LE LUC ET LE CANNET,43.38968876,6.34253601
OLLIOULES SANARY SUR MER,43.1224246,5.82486756
BOLLENE,44.271448,4.708157
CARPENTRAS,44.050078,5.044299
JOIGNY,47.97354497,3.39398103
PONT SUR YONNE,48.28669552,3.20173606
VILLENEUVE SUR YONNE,48.08493107,3.28623974
MONACO MONTE CARLO,43.738418,7.424616
TOURNUS,46.56647028,4.90637952
COURCHEVEL 1850,45.415186,6.634278
TIGNES,45.491996,6.921169
VAL D'ISERE,45.448034,6.980226
RUMILLY,45.86298757,5.94815569
BANDOL,43.14036566,5.74995072
LA GARDE,43.11869774,6.01001052
LA SEYNE SIX FOURS,43.11714408,5.87678228
ST CYR LES LECQUES LA CADIERE,43.18523216,5.70381195
TOULON,43.128373,5.928904
APT,43.878354,5.387265
AVIGNON CENTRE,43.942593,4.805483
TONNERRE,47.85960283,3.97349584
LAROCHE MIGENNES,47.96085339,3.5129407
BELFORT - MONTBELIARD TGV,47.5887,6.8903